repo,language,fileCount,rawTokens,finalTokens,reductionPct,coverageGrade,coveragePct,healthScore,healthGrade,hitAt5,mrr,tasks
actix-web,Rust,314,612675,15867,97.4,C,67.49116607773851,100,A,,,0
afnetworking,Unknown,4,14143,502,96.5,D,21.21212121212121,100,A,,,0
aider-code,Python,106,228779,9365,95.9,B,86.73469387755102,100,A,,,0
aiohttp,Python,167,786173,41673,94.7,A,92.63803680981594,100,A,,,0
akka,Scala,3237,4591961,103741,97.7,C,65.11936339522546,100,A,60,0.333,5
alamofire,Swift,444,4711866,20134,99.6,C,70.47619047619048,100,A,,,0
alamofireimage,Swift,123,574015,4498,99.2,C,55.55555555555556,100,A,,,0
algorand-blockchain,Go,1494,4605191,164250,96.4,C,61.482381530984206,100,A,,,0
amethyst-engine,Rust,324,496742,25247,94.9,B,84.36213991769547,100,A,,,0
amplify-cli,TypeScript,1621,2774071,181599,93.5,C,67.26998491704374,100,A,,,0
android-arch,Kotlin,55,53777,4041,92.5,C,71.42857142857143,100,A,,,0
angular,TypeScript,7847,6347278,191706,97,D,31.1488805360353,100,A,,,0
ansible,Python,2079,2617672,180379,93.1,C,69.34742647058823,100,A,,,0
apache-httpd,Unknown,881,3250578,94374,97.1,B,76.1485826001955,100,A,,,0
appium,TypeScript,269,506086,37194,92.7,C,71.74721189591078,100,A,,,0
arangodb,Unknown,18524,9061336,171956,98.1,D,39.27683615819209,100,A,,,0
asciidoctor,Ruby,60,195006,4547,97.7,B,80.64516129032258,100,A,,,0
aspnetcore,CSharp,11463,15192175,155044,99,D,18.180229000961454,100,A,,,0
autoconf,Unknown,25,282176,1613,99.4,A,100,100,A,,,0
automake,Unknown,1296,910253,31659,96.5,A,100,100,A,,,0
avro-codec,Java,724,1408295,58406,95.9,B,76.32978723404256,100,A,,,0
aws-cdk,TypeScript,8335,197987901,191880,99.9,D,15.892157615792305,100,A,,,0
axios,JavaScript,215,94611,5309,94.4,D,27.77777777777778,100,A,40,0.42,5
axum,Rust,310,299960,8401,97.2,D,47.67932489451477,100,A,,,0
azure-sdk-js,TypeScript,27011,393257,13912,96.5,D,34.8122866894198,100,A,,,0
babel,JavaScript,609,1712787,44526,97.4,C,50.55624227441285,100,A,,,0
bat,Rust,127,346377,10572,96.9,C,55.55555555555556,100,A,,,0
bats,Python,9,39955,2913,92.7,B,81.63265306122449,100,A,,,0
bazel,Java,1535,3384855,132198,96.1,B,84.41358024691358,100,A,,,0
bevy-engine,Rust,1449,4843466,153131,96.8,B,83.4755624515128,100,A,,,0
bgfx-graphics,Unknown,1305,9388251,166645,98.2,C,56.95284159613059,100,A,,,0
binance-connector,Python,2015,3120207,233231,92.5,A,91.42992424242425,100,A,,,0
bitcoin-core,Unknown,1055,3140327,130205,95.9,C,73.67986798679867,100,A,,,0
bitnami-containers,Python,2137,3993222,152803,96.2,C,64.06176883481515,100,A,,,0
bloc,Dart,738,165240,10262,93.8,B,77.92207792207793,100,A,,,0
bootstrap,JavaScript,324,180986,9029,95,C,68.33976833976834,100,A,,,0
bubbletea,Go,111,107807,8820,91.8,A,97.2972972972973,100,A,,,0
builder.io,TypeScript,986,918795,52200,94.3,C,50.229809586342746,100,A,,,0
cabal,Unknown,36,6835,683,90,C,50,100,A,,,0
caddy-server,Go,342,859633,36875,95.7,A,96.95121951219512,100,A,,,0
capnproto,Unknown,214,1706441,26468,98.4,A,90.98360655737704,100,A,,,0
cardano-blockchain,Unknown,267,970309,13432,98.6,C,73.80952380952381,100,A,,,0
cargo-rust,Rust,365,1190715,35375,97,B,84.18079096045197,100,A,,,0
ccxt,TypeScript,3985,47529752,178645,99.6,D,35.92375366568915,100,A,,,0
celery,Python,427,869208,43401,95,B,82.53588516746412,100,A,,,0
chapel-lang,Unknown,12385,75128606,167605,99.8,D,7.451142876873145,100,A,,,0
charts-swift,Swift,206,255469,7751,97,B,79.57446808510639,100,A,,,0
chef,Ruby,1825,1737438,62647,96.4,C,61.03746397694525,100,A,,,0
chroma-db,Rust,1049,3538969,110905,96.9,C,74.05452946350044,100,A,,,0
cirq-quantum,Python,1080,2826351,162824,94.2,B,85.02092050209204,100,A,,,0
clap,Rust,330,331838,6745,98,D,44.38502673796791,100,A,,,0
cli,Go,67,245364,10920,95.5,A,91.17647058823529,100,A,,,0
click,Python,64,217095,13046,94,A,93.54838709677419,100,A,,,0
clickhouse,Unknown,6850,19497860,166316,99.1,D,12.335036185610898,100,A,,,0
clojure-core,Java,189,651775,9944,98.5,A,94.25287356321839,100,A,,,0
cloud-init,Unknown,2,222,198,10.8,A,,100,A,,,0
cmake,Unknown,3435,6229290,162583,97.4,D,34.55644290956184,100,A,,,0
cobra,Go,36,160308,6368,96,A,97.22222222222221,100,A,,,0
cockroachdb,Go,9961,31325968,167967,99.5,D,16.133985987138878,100,A,,,0
coinbase-sdk,Python,8,14556,1023,93,C,55.55555555555556,100,A,,,0
commons-lang,Java,624,1081177,17158,98.4,C,57.414448669201526,100,A,,,0
compose-multiplatform,Kotlin,1025,781035,46520,94,C,66.74445740956826,100,A,,,0
composer,PHP,619,658404,20427,96.9,A,89.96763754045307,100,A,,,0
composer-php,PHP,297,730780,21309,97.1,A,89.6774193548387,100,A,,,0
consul,Go,3772,6812084,156201,97.7,D,37.75269541778975,100,A,,,0
containerd,Go,1324,2186259,143451,93.4,A,90.4934687953556,100,A,,,0
cosmos-sdk,Go,2490,10775378,164240,98.5,D,48.47040127135479,100,A,,,0
crystal-lang,JavaScript,746,1767713,57100,96.8,D,40.909090909090914,100,A,,,0
curl,Unknown,80,2920927,126135,95.7,B,84.90566037735849,100,A,,,0
curl-http,Unknown,382,1657748,54039,96.7,C,68.72509960159363,100,A,,,0
cypress,TypeScript,1963,1828983,114526,93.7,C,50.12894906511928,100,A,,,0
cython,Python,214,1428721,24865,98.3,B,82.1256038647343,100,A,,,0
dagger,Java,1956,1826421,92528,94.9,B,80.0321199143469,100,A,,,0
dart-sdk,Dart,25806,52237331,160152,99.7,D,5.594047712778521,100,A,,,0
dask,Python,185,827019,27130,96.7,B,83.78378378378379,100,A,,,0
datadog-agent,Go,16254,27503946,141788,99.5,D,4.52149048342418,100,A,,,0
date-fns,TypeScript,1647,2044030,37756,98.2,D,31.453096259963214,100,A,,,0
definitelytyped,TypeScript,33774,13339411,171813,98.7,D,5.520504731861198,100,A,,,0
devise,Ruby,200,135357,8682,93.6,B,84.26395939086294,100,A,,,0
diesel,Rust,823,925805,30463,96.7,C,71.5670436187399,100,A,,,0
directx-toolkit,Unknown,136,483336,12287,97.5,B,78.43137254901961,100,A,,,0
discourse-forum,Ruby,9252,6606901,149894,97.7,D,22.227008399741546,100,A,,,0
django,Python,3458,4792824,184180,96.2,C,51.54742096505823,100,A,,,0
django-rest-framework,Python,92,175752,10036,94.3,B,80.23255813953489,100,A,,,0
docker-buildkit,Go,957,1904731,102239,94.6,A,94.23692636072573,100,A,,,0
docker-compose-examples,JavaScript,141,11846,1214,89.8,D,23.333333333333332,100,A,,,0
docker-official,Python,142,17498,1778,89.8,D,40.909090909090914,100,A,,,0
dotnet-runtime,CSharp,32830,115856084,151122,99.9,D,5.375500274660598,100,A,,,0
dotty,Scala,19111,3770860,82884,97.8,C,68.55859534503878,100,A,,,0
doxygen-generator,Unknown,726,6345683,71157,98.9,C,72.85276073619632,100,A,,,0
drone-ci,Go,4294,4770565,179772,96.2,D,35.803374908290536,100,A,,,0
druid,Java,5427,3011958,145681,95.2,A,91.95822454308093,100,A,,,0
efcore,CSharp,5791,13182709,158184,98.8,D,34.94520786223691,100,A,,,0
elastic-beats,Go,6072,7507689,155038,97.9,D,25.254202116621705,100,A,,,0
elasticsearch,Java,30351,31691105,156409,99.5,D,9.184501470737397,100,A,,,0
elixir-lang,Unknown,337,1461111,31123,97.9,A,98.85057471264368,100,A,,,0
elixir-mix,Unknown,337,1461111,31123,97.9,A,98.85057471264368,100,A,,,0
emscripten,Unknown,2881,6550761,152941,97.7,D,37.88190868520426,100,A,,,0
envoy-proxy,Unknown,4794,8047649,163166,98,D,23.402442487929566,100,A,,,0
erlang-lang,Unknown,918,8320764,132894,98.4,C,74.28307123034227,100,A,,,0
esbuild,Go,203,2137855,29217,98.6,A,92.57142857142857,100,A,,,0
esp-idf,Unknown,5199,16379912,171467,99,D,11.1333400020006,100,A,,,0
etcd,Go,1139,1980412,125101,93.7,A,91.68646080760095,100,A,,,0
ethereum-geth,Go,1466,4258208,165833,96.1,C,69.45910290237467,100,A,,,0
exposed,Kotlin,4988,703712,33829,95.2,B,88.20754716981132,100,A,,,0
express,JavaScript,153,70657,1137,98.4,D,22.916666666666664,100,A,40,0.4,5
faker-php,PHP,587,67338,2852,95.8,D,11.20879120879121,100,A,,,0
fastapi,Python,1144,995241,99196,90,B,80.72183098591549,100,A,60,0.492,5
fastchat,Python,123,310523,18565,94,B,75.52447552447552,100,A,,,0
fastify,JavaScript,292,169344,7659,95.5,D,24.91349480968858,100,A,60,0.6,5
fd,Rust,26,35415,1526,95.7,A,90.47619047619048,100,A,,,0
fiber,Go,275,1103766,42497,96.1,A,96.96969696969697,100,A,,,0
flask,Python,106,139322,8737,93.7,C,74.24242424242425,100,A,100,0.7,5
flatbuffers,TypeScript,372,1063908,42220,96,B,80.58510638297872,100,A,,,0
flutter,Dart,7178,2022994,142346,93,A,90.46306504961412,100,A,,,0
flutter-animate,Dart,84,36482,2598,92.9,B,86.11111111111111,100,A,,,0
forestry,JavaScript,183,225448,10419,95.4,C,73.97260273972603,100,A,,,0
foundation,JavaScript,528,90984,3475,96.2,D,44.31818181818182,100,A,,,0
ggez-engine,Rust,59,150745,7932,94.7,A,89.74358974358975,100,A,,,0
ghc,Unknown,356,9920767,144067,98.5,C,60.653753026634384,100,A,,,0
ghost,JavaScript,5252,625119,47742,92.4,B,75.21160822249094,100,A,,,0
ghost-pro,JavaScript,2510,3419503,171893,95,C,65.06155950752394,100,A,,,0
gin,Go,99,224424,11624,94.8,A,97.11538461538461,100,A,60,0.557,5
git,Unknown,1310,2886979,86596,97,C,67.54966887417218,100,A,,,0
gitea,Go,2983,3770605,164573,95.6,C,53.967731313796506,100,A,,,0
github-cli,Go,896,1977625,90808,95.4,A,97.19101123595506,100,A,,,0
github-copilot,Unknown,2,276,194,29.7,A,,100,A,,,0
gitlab,Ruby,31025,26568974,151507,99.4,D,11.12345075740749,100,A,,,0
gitlab-runner,Go,1038,2522375,139152,94.5,A,97.60765550239235,100,A,,,0
gleam-lang,Rust,529,1348649,32814,97.6,B,81.14285714285714,100,A,,,0
gnuplot-plotting,Unknown,129,1163000,21172,98.2,C,50.63291139240506,100,A,,,0
godot-engine,Unknown,5437,30991823,170287,99.5,D,9.449877750611247,100,A,,,0
golang-core,Go,11503,19020551,140548,99.3,D,20.05966116958406,100,A,,,0
gradle,Java,13125,14201196,157473,98.9,D,12.44389685822406,100,A,,,0
grafana,Go,15163,18653576,199057,98.9,D,14.923139708883145,100,A,,,0
graphql-js,TypeScript,488,605030,21083,96.5,D,45.25252525252525,100,A,,,0
graphql-spec,JavaScript,11,92372,721,99.2,C,50,100,A,,,0
grpc-framework,Python,2980,8821021,162659,98.2,D,19.1812865497076,100,A,,,0
grpc-go,Go,1061,2775702,114609,95.9,A,90.41994750656168,100,A,,,0
grpc-java,Java,1667,2410974,99804,95.9,A,92.90030211480362,100,A,,,0
guava,Java,3234,2437020,59184,97.6,D,41.37931034482759,100,A,,,0
guzzle,PHP,85,147570,4465,97,B,77.38095238095238,100,A,,,0
h2-http2,Rust,56,176322,6383,96.4,B,82.14285714285714,100,A,,,0
h2o-server,Unknown,902,3533641,130209,96.3,B,76.71370967741935,100,A,,,0
haproxy,Unknown,563,3413754,93403,97.3,C,74.40225035161744,100,A,,,0
helm-charts,Python,12,414,191,53.9,A,100,100,A,,,0
hono,TypeScript,371,301373,10845,96.4,D,44.32132963988919,100,A,,,0
html5-boilerplate,JavaScript,13,531,189,64.4,D,25,100,A,,,0
http2-protocol,Unknown,9,102686,443,99.6,A,,100,A,,,0
httpx,Python,62,141789,11687,91.8,B,88.33333333333333,100,A,,,0
httpx-async,Python,32,94361,5346,94.3,B,86.95652173913044,100,A,,,0
huggingface-datasets,Python,124,523650,16794,96.8,C,71.63120567375887,100,A,,,0
hyper-rust,Rust,62,233759,3267,98.6,C,67.12328767123287,100,A,,,0
hyperledger-fabric,Go,1928,4301671,163052,96.2,C,59.895561357702356,100,A,,,0
influxdb-python,Python,411,1010380,33912,96.6,A,97.30392156862744,100,A,,,0
iota-blockchain,Rust,314,359728,23342,93.5,B,85.24590163934425,100,A,,,0
isar,Dart,317,271663,14886,94.5,B,77.10437710437711,100,A,,,0
jasmine-js,JavaScript,107,66598,4533,93.2,D,2.941176470588235,100,A,,,0
jax-ml,Python,751,3704349,127181,96.6,C,63.43283582089553,100,A,,,0
jenkins,Java,3147,4070463,144544,96.4,D,8.83940620782726,100,A,,,0
jest,JavaScript,1955,105843,5184,95.1,D,28.240740740740737,100,A,,,0
jq-query,Unknown,46,240685,6156,97.4,C,72.09302325581395,100,A,,,0
json-schema,TypeScript,258,922154,12815,98.6,C,73.15436241610739,100,A,,,0
julia-lang,Unknown,677,3975847,85396,97.9,B,84.14985590778097,100,A,,,0
junit4,Java,490,241360,13970,94.2,B,80.61674008810573,100,A,,,0
k8s-manifests,Go,17603,37849424,158435,99.6,D,5.186099841241842,100,A,,,0
kafka,Java,6521,6632559,156980,97.6,C,54.018644494834966,100,A,,,0
keycloak,Java,6656,9438334,159950,98.3,D,22.00422577724117,100,A,,,0
kotlin-lang,Kotlin,68692,29184560,148069,99.5,D,4.303222378954697,100,A,,,0
kotlinx-serialization,Kotlin,677,616123,37348,93.9,B,86.90292758089369,100,A,,,0
ktor,Kotlin,2332,1367279,62399,95.4,C,56.62431941923774,100,A,,,0
kubernetes,Go,17603,37845202,159382,99.6,D,5.186099841241842,100,A,,,0
kubernetes-python-client,Python,1790,10357627,183896,98.2,A,96.48326715825299,100,A,,,0
langchain,Python,543,1712576,66132,96.1,D,26.3561320754717,100,A,,,0
laravel,PHP,30,703,271,61.5,D,20,100,A,0,0,5
leakcanary,Kotlin,420,339575,22390,93.4,B,78.14207650273224,100,A,,,0
lightbend-config,Java,153,205073,6497,96.8,A,93.13725490196079,100,A,,,0
linux,Unknown,2028,161329658,159427,99.9,D,4.396782841823057,100,A,,,0
linux-kernel,Unknown,2028,161329658,156470,99.9,D,4.32684462058515,100,A,,,0
llama-ai,Python,15,20235,1202,94.1,B,87.5,100,A,,,0
llama-cpp,Unknown,1054,5488670,155387,97.2,C,62.09286209286209,100,A,,,0
llamaindex,Python,2815,3527734,180268,94.9,D,28.39392544868845,100,A,,,0
llvm,Unknown,20908,101226052,168528,99.8,D,3.5564639754726626,100,A,,,0
lodash,JavaScript,66,18972,825,95.7,C,54.166666666666664,100,A,,,0
lua-core,Unknown,0,376663,8606,97.7,C,59.80392156862745,100,A,,,0
luau-lang,Unknown,503,2035733,70861,96.5,B,84.3103448275862,100,A,,,0
macroquad-engine,Rust,78,151109,8061,94.7,B,88,100,A,,,0
magento2,PHP,24857,21933387,148481,99.3,D,12.43950356988835,100,A,,,0
marten,CSharp,2315,2209823,151836,93.1,B,86.50759219088937,100,A,,,0
matrix-homeserver,Python,747,2139656,75518,96.5,B,75.45045045045045,100,A,,,0
mbed-os,Unknown,8275,50222997,172093,99.7,D,5.803733565773226,100,A,,,0
medusa,TypeScript,7181,13518694,164505,98.8,D,15.127778321746794,100,A,,,0
meson,Unknown,1485,1417262,75711,94.7,C,66.74840608141245,100,A,,,0
metagpt,Python,448,2028557,39164,98.1,B,79.76878612716763,100,A,,,0
mkdocs-tool,Python,57,115871,6017,94.8,D,42.5287356321839,100,A,,,0
mlx-apple,Unknown,413,1131623,58018,94.9,B,83.26086956521739,100,A,,,0
moby,Go,5686,4310420,163965,96.2,C,73.34437086092716,100,A,,,0
mocha-js,JavaScript,83,150444,6301,95.8,C,71.01449275362319,100,A,,,0
mockito,Java,1015,490587,26233,94.7,B,77.54716981132076,100,A,,,0
moment,JavaScript,766,102865,6755,93.4,D,18.24212271973466,100,A,,,0
mongodb,Unknown,10482,87890044,182861,99.8,D,4.564256971607057,100,A,,,0
moshi,Kotlin,143,121484,5243,95.7,B,76.59574468085107,100,A,,,0
msbuild,CSharp,2141,6492555,133480,97.9,A,90.0896649362907,100,A,,,0
msgpack-protocol,Unknown,3,8878,411,95.4,A,,100,A,,,0
mux,Go,17,62615,2228,96.4,A,94.11764705882352,100,A,,,0
mxnet-ml,Python,1248,4597627,172199,96.3,C,53.00950369588173,100,A,,,0
mybatis,Java,1403,638624,25637,96,C,72.81795511221945,100,A,,,0
mynewt-rtos,Unknown,1895,3911380,163628,95.8,D,44.34582511505589,100,A,,,0
mypy-typechecker,Python,1411,4668197,165502,96.5,D,44.48897795591182,100,A,,,0
nanomsg-protocol,Unknown,188,302290,16495,94.5,B,76.88888888888889,100,A,,,0
nccl-library,Unknown,438,2049656,81006,96,C,63.116883116883116,100,A,,,0
near-protocol,Rust,215,372819,13257,96.4,B,74.87179487179488,100,A,,,0
neovim,Unknown,23,3031934,45632,98.5,C,50.7380073800738,100,A,,,0
nest-swagger,TypeScript,119,95994,8814,90.8,B,87.90322580645162,100,A,,,0
nestjs,TypeScript,1691,359918,38876,89.2,C,61.38743455497382,100,A,,,0
netlify-cms,JavaScript,456,712341,59621,91.6,C,63.02367941712204,100,A,,,0
netty,Java,3551,4224980,155328,96.3,B,86.96850393700788,100,A,,,0
next-auth,TypeScript,268,575156,15635,97.3,C,65.29411764705883,100,A,,,0
nextjs,JavaScript,23464,4883275,134363,97.2,C,56.68575277871337,100,A,,,0
nginx,Unknown,3,1675732,55740,96.7,B,79.1044776119403,100,A,,,0
nginx-src,Unknown,339,1675733,55740,96.7,B,79.1044776119403,100,A,,,0
nim-lang,Unknown,504,2392295,62342,97.4,C,71.42857142857143,100,A,,,0
ninja,Unknown,128,298106,12496,95.8,B,80.95238095238095,100,A,,,0
nodejs,JavaScript,23010,79931466,169660,99.8,D,3.3055224473579656,100,A,,,0
nopcommerce,CSharp,1556,4245732,83613,98,D,31.45985401459854,100,A,,,0
nose2,Python,233,251918,17314,93.1,B,81.00358422939068,100,A,,,0
npm-registry,Unknown,2,500,194,61.2,A,,100,A,,,0
numpy,Python,505,5516688,126309,97.7,C,72.06645898234683,100,A,,,0
numpy-ext,Python,625,4102006,87492,97.9,C,67.43119266055045,100,A,,,0
nunit,CSharp,1063,1252630,72230,94.2,A,93.7794533459001,100,A,,,0
nuxt,TypeScript,1100,348629,17157,95.1,D,28.77094972067039,100,A,,,0
nvm,JavaScript,6,1515,243,84,C,50,100,A,,,0
octave-math,Unknown,1097,5170462,125800,97.6,C,66.41025641025641,100,A,,,0
odin-lang,Unknown,228,1082068,27462,97.5,B,76.01476014760148,100,A,,,0
ohmyzsh,Python,24,431577,20356,95.3,B,81.84438040345822,100,A,,,0
okhttp,Kotlin,601,990493,29740,97,B,88.84688090737241,100,A,100,0.867,5
oneflow-ml,Unknown,2414,4568831,164441,96.4,D,46.30718954248366,100,A,,,0
onnx-format,Python,491,1041855,37981,96.4,A,92.19143576826197,100,A,,,0
open-interpreter,Rust,2300,6575009,154421,97.7,C,74.01722201422687,100,A,,,0
openapi-spec,JavaScript,74,478408,4497,99.1,D,0,100,A,,,0
opencart,PHP,750,12467623,34562,99.7,D,20.467395401432338,100,A,,,0
openresty,JavaScript,24,101060,1497,98.5,C,62.5,100,A,,,0
openstack,Python,2,738,237,67.9,A,100,100,A,,,0
openvino-toolkit,Unknown,6267,11164146,162441,98.5,D,17.42075664621677,100,A,,,0
packer,Go,478,605400,33278,94.5,A,95.32908704883228,100,A,,,0
paddle-ml,Python,6860,18537752,184666,99,D,21.063098897125293,100,A,,,0
pandas,Python,1629,6574175,185160,97.2,C,70.37760416666666,100,A,,,0
pandas-ext,Python,409,2819740,62228,97.8,B,77.53846153846153,100,A,,,0
payload-cms,TypeScript,2643,2679203,175350,93.5,C,58.34492350486787,100,A,,,0
pebble-db,Go,774,2236684,96947,95.7,A,94.0279542566709,100,A,,,0
pennylane-quantum,Python,619,2588353,72105,97.2,B,82.4891461649783,100,A,,,0
php-core,Unknown,243,11538037,148899,98.7,D,17.715231788079468,100,A,,,0
phpmailer,PHP,136,75189,630,99.2,D,11.363636363636363,100,A,,,0
phpstan,PHP,224,539993,52794,90.2,D,43.04932735426009,100,A,,,0
pip-python,Python,362,1007673,48744,95.2,B,84.69135802469135,100,A,,,0
piston-engine,Rust,32,37387,1805,95.2,C,58.82352941176471,100,A,,,0
plaid-sdk,TypeScript,10,1135946,1041,99.9,C,60,100,A,,,0
play-framework,Scala,1747,1454305,81867,94.4,B,78.72881355932203,100,A,,,0
pnpm-registry,TypeScript,1687,3764528,118084,96.9,C,67.89506558401,100,A,,,0
poetry-python,Python,173,302795,14752,95.1,B,80.10471204188482,100,A,,,0
polkadot-blockchain,Rust,808,2374980,56079,97.6,B,79.23497267759562,100,A,,,0
polly,CSharp,798,885497,39756,95.5,B,75.28230865746549,100,A,,,0
postcss,TypeScript,33,67916,2140,96.8,D,45.28301886792453,100,A,,,0
postgresql,Unknown,2002,12578982,168111,98.7,D,34.004163775156144,100,A,,,0
prestashop,PHP,6787,18773589,147262,99.2,D,31.313792200994506,100,A,,,0
prettier,JavaScript,538,419425,37422,91.1,C,73.40619307832422,100,A,,,0
prisma,TypeScript,2821,1248092,74324,94,D,27.624671916010502,100,A,,,0
projectq-quantum,Python,199,416785,23599,94.3,B,78.66108786610879,100,A,,,0
prometheus,Go,1008,4023414,120571,97,B,87.48796920115495,100,A,,,0
prometheus-metrics,Go,1212,3833927,114309,97,B,87.2579001019368,100,A,,,0
protobuf,Unknown,987,11139337,166072,98.5,D,49.171270718232044,100,A,,,0
publicapis,Python,7,10894,965,91.1,C,71.42857142857143,100,A,,,0
puppet,Ruby,2159,2583578,95168,96.3,C,65.83101207056639,100,A,,,0
pydantic,Python,546,1879874,95621,94.9,A,90.89219330855019,100,A,,,0
pypy-interpreter,Python,2393,10020989,175333,98.3,D,44.15018437814281,100,A,,,0
pytest,Python,210,944083,37819,96,B,89.0995260663507,100,A,,,0
pytorch,Python,4828,17326193,180358,99,D,22.15964264905807,100,A,,,0
pytorch-lightning,Python,250,766483,28862,96.2,C,72.20216606498195,100,A,,,0
qiskit-quantum,Python,2990,3308377,137938,95.8,B,82.25806451612904,100,A,,,0
quic-protocol,Python,21,209005,2169,99,B,75,100,A,,,0
rails,Ruby,3546,2191594,105550,95.2,A,92.11783439490446,100,A,40,0.425,5
ray,Python,3636,8421571,174735,97.9,D,32.20675944333996,100,A,,,0
raylib-graphics,Unknown,168,3799380,30115,99.2,C,74.07407407407408,100,A,,,0
rayon,Rust,191,251246,5676,97.7,C,60.20942408376963,100,A,,,0
react,JavaScript,4791,2464530,156054,93.7,C,55.88972431077694,100,A,,,0
realm-swift,Swift,169,1000721,11491,98.9,C,56.16438356164384,100,A,,,0
redis,Unknown,132,3525495,112184,96.8,C,74.4136460554371,100,A,,,0
redis-core,Unknown,461,3096948,83237,97.3,C,71.18927973199331,100,A,,,0
requests,Python,39,95378,4994,94.8,B,79.41176470588235,100,A,,,0
requests-py,Python,35,64022,4376,93.2,C,70,100,A,,,0
reqwest-rust,Rust,45,183780,5365,97.1,A,95,100,A,,,0
retrofit,Java,924,1061940,31405,97,D,44,100,A,,,0
riot-rtos,Unknown,2555,4457286,162773,96.3,D,31.506849315068493,100,A,,,0
ripgrep,Rust,103,385701,7360,98.1,C,59.80392156862745,100,A,,,0
ripple-ledger,Unknown,1064,2164163,120514,94.4,B,83.90901432181971,100,A,,,0
riverpod,Dart,1420,373781,35178,90.6,C,66.93877551020408,100,A,0,0,5
rocket-chat,TypeScript,5807,5262576,189816,96.4,D,31.157158906503557,100,A,,,0
rollup,JavaScript,12794,193474,13272,93.1,D,38.82352941176471,100,A,,,0
rollup-plugins,JavaScript,160,234190,12067,94.8,D,45.50898203592814,100,A,,,0
roslyn,CSharp,17332,55873904,156788,99.7,D,12.0956561922366,100,A,,,0
rspec,Ruby,547,847867,33713,96,B,78.49264705882352,100,A,,,0
rspec-ruby,Ruby,273,405179,23190,94.3,A,91.87817258883248,100,A,,,0
ruby-core,Ruby,7589,2922511,60073,97.9,B,76.878612716763,100,A,,,0
rubygems-registry,Ruby,362,649825,30239,95.3,A,92.02279202279202,100,A,,,0
rust-analyzer,Rust,1545,3720152,61361,98.4,D,45.416953824948315,100,A,80,0.733,5
rustfmt,Rust,1924,375478,7569,98,D,22.381477398015434,100,A,,,0
rxjava,Java,1943,317520,16616,94.8,D,23.336853220696938,100,A,,,0
sage-math,Python,2854,25072073,175457,99.3,D,37.97143903332113,100,A,,,0
saleor,Python,2466,2810605,194257,93.1,B,78.69868319132456,100,A,,,0
sanity-client,TypeScript,2822,2950441,211494,92.8,C,62.433722163308595,100,A,,,0
scikit-learn,Python,1058,3969360,124683,96.9,B,77.32484076433121,100,A,,,0
scipy-library,Python,881,5281030,112591,97.9,C,70.4014939309057,100,A,,,0
scons,Python,1293,3534580,107091,97,B,83.95348837209302,100,A,,,0
sdwebimage,Unknown,11,40410,918,97.7,D,16.831683168316832,100,A,,,0
selenium,Java,2553,3528094,153748,95.6,B,75.01889644746788,100,A,,,0
serde,Rust,208,237035,3309,98.6,D,25.48076923076923,100,A,,,0
serilog,CSharp,216,196836,13100,93.3,A,91.20370370370371,100,A,60,0.473,5
shopify-api,TypeScript,672,733870,87776,88,A,94.65081723625556,100,A,,,0
sidekiq,Ruby,179,156832,8062,94.9,B,79.39393939393939,100,A,,,0
signal-protocol,Rust,1026,2534268,88730,96.5,B,78.29002514668902,100,A,,,0
silq-quantum,Python,8,137321,993,99.3,D,7.6923076923076925,100,A,,,0
skia-library,Unknown,4222,14365710,164997,98.9,D,26.293995859213247,100,A,,,0
slack-sdk,Python,190,476242,16209,96.6,B,75.70093457943925,100,A,,,0
slim,PHP,125,133060,8160,93.9,A,97.6,100,A,,,0
sokol-headers,Unknown,39,1158296,7150,99.4,C,62,100,A,,,0
solana-blockchain,Rust,1250,4777396,118791,97.5,B,74.96171516079633,100,A,,,0
spark,Scala,9003,10799419,158364,98.5,D,40.348837209302324,100,A,,,0
sphinx-doc,Python,258,789447,34895,95.6,C,53.28282828282829,100,A,,,0
splunk-sdk,Python,60,175794,6496,96.3,B,87.75510204081633,100,A,,,0
spring-boot,Java,9079,3345683,150852,95.5,D,49.356913183279744,100,A,,,0
spring-framework,Java,9674,6913586,155854,97.7,D,34.69307707393607,100,A,,,0
spring-petclinic,Java,64,103920,4107,96,C,71.42857142857143,100,A,40,0.4,5
sqlalchemy,Python,669,5028503,110243,97.8,B,86.9172932330827,100,A,,,0
square-sdk,Python,2543,2194094,162418,92.6,B,88.46557147850402,100,A,,,0
stackdriver-client,Python,12465,122117936,200813,99.8,D,7.188816097332709,100,A,,,0
starship,Rust,255,400833,8315,97.9,A,97.98387096774194,100,A,,,0
storybook,TypeScript,4048,2282068,164066,92.8,C,54.552220292731334,100,A,,,0
strapi,TypeScript,4552,1635003,131307,92,D,40.81579631073006,100,A,,,0
stripe-js,TypeScript,259,1700758,38987,97.7,A,95.3307392996109,100,A,,,0
substrate-blockchain,Rust,1501,4077650,110481,97.3,B,77.31322823851954,100,A,,,0
svelte,Svelte,8323,694987,71211,89.8,D,15.100192319622805,100,A,20,0.104,5
svelte-language-tools,Svelte,1694,431733,30072,93,D,19.633353045535188,100,A,,,0
sveltekit,JavaScript,2305,504092,39721,92.1,D,37.195671776375114,100,A,,,0
sveltepress,TypeScript,294,159358,8367,94.7,D,16.02787456445993,100,A,,,0
swift-core,Swift,22816,13885893,133545,99,D,34.826865400345355,100,A,,,0
swiftformat,Swift,588,2685290,26722,99,C,64.42141623488774,100,A,,,0
swiftyjson,Swift,23,37127,1228,96.7,A,95,100,A,,,0
symfony,PHP,10749,7470272,154599,97.9,D,20.154677599701827,100,A,,,0
sympy-math,Python,715,4162156,95081,97.7,B,79.65517241379311,100,A,,,0
syncthing,Go,642,1009669,57379,94.3,B,88.06970509383379,100,A,,,0
tailwindcss,TypeScript,395,265105,10941,95.9,D,40.993788819875775,100,A,,,0
tauri,Rust,500,1242624,32098,97.4,C,72.00902934537245,100,A,,,0
telegram-bot,Python,520,945014,28610,97,A,93.61702127659575,100,A,,,0
teleport,Go,9212,29924364,179744,99.4,D,19.355427736693144,100,A,,,0
tensorflow,Unknown,3872,57577798,166434,99.7,D,5.874396135265701,100,A,,,0
tensorflow-hub,Python,41,70509,4437,93.7,B,89.1891891891892,100,A,,,0
tensorrt-inference,Python,502,1609994,59883,96.3,C,55.44554455445545,100,A,,,0
terraform,Go,1985,5543743,155431,97.2,C,53.376995497339344,100,A,,,0
terraform-aws-vpc,Unknown,40,119640,3108,97.4,A,100,100,A,,,0
testify-go,Unknown,7,7709,556,92.8,A,,100,A,,,0
tezos-blockchain,Unknown,1,175,174,0.6,A,,100,A,,,0
threadx-rtos,Unknown,1867,5149009,160515,96.9,C,50.510708401976935,100,A,,,0
threejs,JavaScript,3502,2859796,77744,97.3,C,60.11608623548922,100,A,,,0
thrift-framework,Java,1126,2520924,100122,96,B,84.49612403100775,100,A,,,0
tinacms,TypeScript,697,1272691,49722,96.1,C,71.13163972286374,100,A,,,0
tokio,Rust,784,1024636,23778,97.7,C,52.68096514745309,100,A,,,0
traefik-proxy,Go,952,2323681,101398,95.6,A,93.47593582887701,100,A,,,0
transformers,Python,2465,12825814,196501,98.5,D,35.66988950276243,100,A,,,0
transit-clj,Unknown,7,0,143,0,A,,100,A,,,0
triton-lang,Python,743,3021907,128635,95.7,B,76.04790419161677,100,A,,,0
turborepo,TypeScript,1739,63371,7294,88.5,D,44.50261780104712,100,A,,,0
tvm-compiler,Python,1730,5151358,171396,96.7,D,33.14121037463977,100,A,,,0
typer,Python,645,236028,33580,85.8,C,61.58730158730159,100,A,,,0
typescript-compiler,TypeScript,39308,3659661,41185,98.9,D,32.74932614555256,100,A,,,0
typescript-eslint,TypeScript,619,1306245,47565,96.4,C,62.10892236384704,100,A,,,0
unittest,Python,2059,14496356,170475,98.8,D,46.81734317343174,100,A,,,0
v-lang,Unknown,3129,11240086,159499,98.6,D,44.19889502762431,100,A,,,0
vapor,Swift,250,287455,9882,96.6,C,69.19999999999999,100,A,60,0.35,5
vault-cli,Go,3230,6591931,161006,97.6,D,41.21137206427689,100,A,,,0
vault-helm,Unknown,62,49031,2280,95.3,A,,100,A,,,0
vendure,TypeScript,2239,3370896,197934,94.1,B,75.72295608711175,100,A,,,0
vim,Unknown,112,9310996,124126,98.7,C,70.51597051597052,100,A,,,0
vitest,TypeScript,2363,1141487,60036,94.7,D,28.66161616161616,100,A,,,0
vscode,TypeScript,12273,26280664,221653,99.2,D,8.611599297012303,100,A,,,0
vue-core,TypeScript,556,465950,22907,95.1,D,42.857142857142854,100,A,100,0.457,5
vuetify,Vue,2247,1296705,65870,94.9,D,45.87547763542369,100,A,,,0
vueuse,TypeScript,916,372347,35075,90.6,C,63.17647058823529,100,A,,,0
vulkan-hpp,Unknown,102,5220689,11005,99.8,B,81.57894736842105,100,A,,,0
waf-build,Unknown,1,175,174,0.6,A,,100,A,,,0
wasm-bindgen,Rust,2777,2358371,109085,95.4,C,51.93148688046647,100,A,,,0
wasm-bindgen-test,Rust,1221,2160415,82133,96.2,C,52.76532137518684,100,A,,,0
wasm-pack,Rust,56,76457,2804,96.3,B,88.09523809523809,100,A,,,0
wasm3-vm,Unknown,95,185780,8983,95.2,C,62.13592233009708,100,A,,,0
wasmer-runtime,Rust,949,2735583,79262,97.1,B,87.91878172588832,100,A,,,0
wasmtime,Rust,1441,4948518,109942,97.8,C,73.40168878166466,100,A,,,0
webgpu-rs,Rust,553,2601545,49153,98.1,B,80.34188034188034,100,A,,,0
webpack,JavaScript,10929,1575120,57889,96.3,C,50.935374149659864,100,A,,,0
woocommerce,PHP,6100,7937581,153718,98.1,D,27.809979838709676,100,A,,,0
wordpress,PHP,3811,6378427,107760,98.3,C,53.89203698180734,100,A,,,0
wpscan,Ruby,652,2624233,45940,98.2,C,50.09416195856874,100,A,,,0
xarray-library,Python,159,1037202,33180,96.8,B,85.18518518518519,100,A,,,0
yarn-pkg,TypeScript,386,2450991,38540,98.4,D,35.50135501355013,100,A,,,0
zephyr-rtos,Unknown,14427,21990926,169521,99.2,D,8.077699778824886,100,A,,,0
zeromq,Unknown,264,502136,22167,95.6,C,68.78787878787878,100,A,,,0
zig-lang,Unknown,7481,36097814,165958,99.5,D,3.860976306023409,100,A,,,0
